,Lx,Ysz,T,R,Lbcg
0,0,-70,-50,-70,-40
1,0,-60,-50,-70,-40
2,10,-80,-50,-70,-40
3,10,-70,-50,-70,-50
4,10,-70,-50,-70,-40
5,10,-70,-50,-70,-30
6,10,-60,-50,-70,-40
7,10,-60,-50,-70,-30
8,10,-60,-50,-60,-40
9,10,-60,-50,-60,-30
10,10,-70,-40,-70,-30
11,10,-70,-40,-60,-30
12,10,-60,-40,-70,-40
13,10,-60,-40,-70,-30
14,10,-60,-40,-70,-20
15,10,-60,-40,-60,-40
16,10,-60,-40,-60,-30
17,10,-60,-40,-60,-20
18,10,-50,-40,-70,-40
19,10,-50,-40,-70,-30
20,10,-50,-40,-70,-20
21,10,-50,-40,-60,-40
22,10,-50,-40,-60,-30
23,10,-50,-40,-60,-20
24,10,-50,-40,-60,-10
25,10,-40,-40,-60,-30
26,10,-40,-40,-60,-20
27,10,-60,-30,-60,-20
28,10,-50,-30,-60,-30
29,10,-50,-30,-60,-20
30,10,-50,-30,-60,-10
31,10,-40,-30,-60,-30
32,10,-40,-30,-60,-20
33,10,-40,-30,-60,-10
34,10,-30,-30,-60,-20
35,10,-30,-30,-60,-10
36,20,-80,-50,-70,-40
37,20,-70,-50,-70,-50
38,20,-70,-50,-70,-40
39,20,-70,-50,-70,-30
40,20,-70,-50,-60,-40
41,20,-70,-50,-60,-30
42,20,-60,-50,-70,-50
43,20,-60,-50,-70,-40
44,20,-60,-50,-70,-30
45,20,-60,-50,-70,-20
46,20,-60,-50,-60,-40
47,20,-60,-50,-60,-30
48,20,-60,-50,-60,-20
49,20,-50,-50,-70,-40
50,20,-50,-50,-70,-30
51,20,-50,-50,-60,-30
52,20,-70,-40,-70,-40
53,20,-70,-40,-70,-30
54,20,-70,-40,-60,-40
55,20,-70,-40,-60,-30
56,20,-70,-40,-60,-20
57,20,-60,-40,-70,-40
58,20,-60,-40,-70,-30
59,20,-60,-40,-70,-20
60,20,-60,-40,-60,-40
61,20,-60,-40,-60,-30
62,20,-60,-40,-60,-20
63,20,-60,-40,-60,-10
64,20,-50,-40,-70,-40
65,20,-50,-40,-70,-30
66,20,-50,-40,-70,-20
67,20,-50,-40,-70,-10
68,20,-50,-40,-60,-40
69,20,-50,-40,-60,-30
70,20,-50,-40,-60,-20
71,20,-50,-40,-60,-10
72,20,-40,-40,-70,-30
73,20,-40,-40,-70,-20
74,20,-40,-40,-60,-40
75,20,-40,-40,-60,-30
76,20,-40,-40,-60,-20
77,20,-40,-40,-60,-10
78,20,-60,-30,-60,-30
79,20,-60,-30,-60,-20
80,20,-60,-30,-60,-10
81,20,-50,-30,-70,-30
82,20,-50,-30,-70,-20
83,20,-50,-30,-60,-40
84,20,-50,-30,-60,-30
85,20,-50,-30,-60,-20
86,20,-50,-30,-60,-10
87,20,-50,-30,-60,0
88,20,-40,-30,-70,-30
89,20,-40,-30,-70,-20
90,20,-40,-30,-70,-10
91,20,-40,-30,-60,-40
92,20,-40,-30,-60,-30
93,20,-40,-30,-60,-20
94,20,-40,-30,-60,-10
95,20,-40,-30,-60,0
96,20,-30,-30,-60,-30
97,20,-30,-30,-60,-20
98,20,-30,-30,-60,-10
99,20,-30,-30,-60,0
100,20,-20,-30,-60,-20
101,20,-20,-30,-60,-10
102,20,-40,-20,-60,-20
103,20,-40,-20,-60,-10
104,20,-40,-20,-60,0
105,20,-30,-20,-60,-20
106,20,-30,-20,-60,-10
107,20,-30,-20,-60,0
108,20,-20,-20,-60,-20
109,20,-20,-20,-60,-10
110,20,-20,-20,-60,0
111,30,-70,-50,-70,-50
112,30,-70,-50,-70,-40
113,30,-70,-50,-70,-30
114,30,-70,-50,-60,-40
115,30,-70,-50,-60,-30
116,30,-60,-50,-70,-40
117,30,-60,-50,-70,-30
118,30,-60,-50,-70,-20
119,30,-60,-50,-60,-40
120,30,-60,-50,-60,-30
121,30,-60,-50,-60,-20
122,30,-50,-50,-70,-40
123,30,-50,-50,-70,-30
124,30,-50,-50,-60,-30
125,30,-50,-50,-60,-20
126,30,-70,-40,-70,-40
127,30,-70,-40,-70,-30
128,30,-70,-40,-70,-20
129,30,-70,-40,-60,-40
130,30,-70,-40,-60,-30
131,30,-70,-40,-60,-20
132,30,-60,-40,-70,-40
133,30,-60,-40,-70,-30
134,30,-60,-40,-70,-20
135,30,-60,-40,-60,-40
136,30,-60,-40,-60,-30
137,30,-60,-40,-60,-20
138,30,-60,-40,-60,-10
139,30,-50,-40,-70,-40
140,30,-50,-40,-70,-30
141,30,-50,-40,-70,-20
142,30,-50,-40,-70,-10
143,30,-50,-40,-60,-40
144,30,-50,-40,-60,-30
145,30,-50,-40,-60,-20
146,30,-50,-40,-60,-10
147,30,-50,-40,-60,0
148,30,-40,-40,-70,-30
149,30,-40,-40,-70,-20
150,30,-40,-40,-60,-40
151,30,-40,-40,-60,-30
152,30,-40,-40,-60,-20
153,30,-40,-40,-60,-10
154,30,-30,-40,-60,-30
155,30,-30,-40,-60,-20
156,30,-30,-40,-60,-10
157,30,-60,-30,-70,-30
158,30,-60,-30,-70,-20
159,30,-60,-30,-60,-40
160,30,-60,-30,-60,-30
161,30,-60,-30,-60,-20
162,30,-60,-30,-60,-10
163,30,-50,-30,-70,-30
164,30,-50,-30,-70,-20
165,30,-50,-30,-70,-10
166,30,-50,-30,-60,-40
167,30,-50,-30,-60,-30
168,30,-50,-30,-60,-20
169,30,-50,-30,-60,-10
170,30,-50,-30,-60,0
171,30,-50,-30,-50,-20
172,30,-50,-30,-50,-10
173,30,-40,-30,-70,-30
174,30,-40,-30,-70,-20
175,30,-40,-30,-70,-10
176,30,-40,-30,-60,-40
177,30,-40,-30,-60,-30
178,30,-40,-30,-60,-20
179,30,-40,-30,-60,-10
180,30,-40,-30,-60,0
181,30,-40,-30,-60,10
182,30,-40,-30,-50,-30
183,30,-40,-30,-50,-20
184,30,-40,-30,-50,-10
185,30,-40,-30,-50,0
186,30,-30,-30,-70,-20
187,30,-30,-30,-70,-10
188,30,-30,-30,-60,-40
189,30,-30,-30,-60,-30
190,30,-30,-30,-60,-20
191,30,-30,-30,-60,-10
192,30,-30,-30,-60,0
193,30,-30,-30,-60,10
194,30,-30,-30,-50,-20
195,30,-30,-30,-50,-10
196,30,-30,-30,-50,0
197,30,-20,-30,-60,-30
198,30,-20,-30,-60,-20
199,30,-20,-30,-60,-10
200,30,-20,-30,-60,0
201,30,-50,-20,-60,-30
202,30,-50,-20,-60,-20
203,30,-50,-20,-60,-10
204,30,-40,-20,-60,-30
205,30,-40,-20,-60,-20
206,30,-40,-20,-60,-10
207,30,-40,-20,-60,0
208,30,-40,-20,-60,10
209,30,-40,-20,-50,-20
210,30,-40,-20,-50,-10
211,30,-40,-20,-50,0
212,30,-30,-20,-60,-30
213,30,-30,-20,-60,-20
214,30,-30,-20,-60,-10
215,30,-30,-20,-60,0
216,30,-30,-20,-60,10
217,30,-30,-20,-50,-20
218,30,-30,-20,-50,-10
219,30,-30,-20,-50,0
220,30,-30,-20,-50,10
221,30,-20,-20,-60,-30
222,30,-20,-20,-60,-20
223,30,-20,-20,-60,-10
224,30,-20,-20,-60,0
225,30,-20,-20,-60,10
226,30,-20,-20,-50,-20
227,30,-20,-20,-50,-10
228,30,-20,-20,-50,0
229,30,-20,-20,-50,10
230,30,-10,-20,-60,-20
231,30,-10,-20,-60,-10
232,30,-10,-20,-60,0
233,30,-10,-20,-60,10
234,30,-10,-20,-50,-10
235,30,-10,-20,-50,0
236,30,-20,-10,-60,-10
237,30,-20,-10,-60,0
238,30,-20,-10,-50,0
239,30,-10,-10,-60,-10
240,30,-10,-10,-60,0
241,30,-10,-10,-50,0
242,40,-70,-50,-70,-40
243,40,-70,-50,-70,-30
244,40,-60,-50,-70,-40
245,40,-60,-50,-70,-30
246,40,-60,-50,-60,-40
247,40,-60,-50,-60,-30
248,40,-50,-50,-60,-30
249,40,-70,-40,-70,-30
250,40,-70,-40,-60,-40
251,40,-70,-40,-60,-30
252,40,-70,-40,-60,-20
253,40,-60,-40,-70,-40
254,40,-60,-40,-70,-30
255,40,-60,-40,-70,-20
256,40,-60,-40,-60,-40
257,40,-60,-40,-60,-30
258,40,-60,-40,-60,-20
259,40,-60,-40,-60,-10
260,40,-50,-40,-70,-40
261,40,-50,-40,-70,-30
262,40,-50,-40,-70,-20
263,40,-50,-40,-70,-10
264,40,-50,-40,-60,-40
265,40,-50,-40,-60,-30
266,40,-50,-40,-60,-20
267,40,-50,-40,-60,-10
268,40,-50,-40,-60,0
269,40,-40,-40,-70,-30
270,40,-40,-40,-70,-20
271,40,-40,-40,-60,-40
272,40,-40,-40,-60,-30
273,40,-40,-40,-60,-20
274,40,-40,-40,-60,-10
275,40,-40,-40,-60,0
276,40,-30,-40,-60,-30
277,40,-30,-40,-60,-20
278,40,-30,-40,-60,-10
279,40,-60,-30,-70,-30
280,40,-60,-30,-70,-20
281,40,-60,-30,-60,-40
282,40,-60,-30,-60,-30
283,40,-60,-30,-60,-20
284,40,-60,-30,-60,-10
285,40,-60,-30,-60,0
286,40,-50,-30,-70,-30
287,40,-50,-30,-70,-20
288,40,-50,-30,-70,-10
289,40,-50,-30,-60,-40
290,40,-50,-30,-60,-30
291,40,-50,-30,-60,-20
292,40,-50,-30,-60,-10
293,40,-50,-30,-60,0
294,40,-50,-30,-50,-30
295,40,-50,-30,-50,-20
296,40,-50,-30,-50,-10
297,40,-40,-30,-70,-30
298,40,-40,-30,-70,-20
299,40,-40,-30,-70,-10
300,40,-40,-30,-60,-40
301,40,-40,-30,-60,-30
302,40,-40,-30,-60,-20
303,40,-40,-30,-60,-10
304,40,-40,-30,-60,0
305,40,-40,-30,-60,10
306,40,-40,-30,-50,-30
307,40,-40,-30,-50,-20
308,40,-40,-30,-50,-10
309,40,-40,-30,-50,0
310,40,-30,-30,-70,-30
311,40,-30,-30,-70,-20
312,40,-30,-30,-70,-10
313,40,-30,-30,-60,-40
314,40,-30,-30,-60,-30
315,40,-30,-30,-60,-20
316,40,-30,-30,-60,-10
317,40,-30,-30,-60,0
318,40,-30,-30,-60,10
319,40,-30,-30,-50,-30
320,40,-30,-30,-50,-20
321,40,-30,-30,-50,-10
322,40,-30,-30,-50,0
323,40,-20,-30,-60,-30
324,40,-20,-30,-60,-20
325,40,-20,-30,-60,-10
326,40,-20,-30,-60,0
327,40,-20,-30,-60,10
328,40,-20,-30,-50,-20
329,40,-20,-30,-50,-10
330,40,-50,-20,-60,-30
331,40,-50,-20,-60,-20
332,40,-50,-20,-60,-10
333,40,-50,-20,-60,0
334,40,-50,-20,-50,-10
335,40,-40,-20,-60,-30
336,40,-40,-20,-60,-20
337,40,-40,-20,-60,-10
338,40,-40,-20,-60,0
339,40,-40,-20,-60,10
340,40,-40,-20,-50,-30
341,40,-40,-20,-50,-20
342,40,-40,-20,-50,-10
343,40,-40,-20,-50,0
344,40,-40,-20,-50,10
345,40,-30,-20,-70,-20
346,40,-30,-20,-70,-10
347,40,-30,-20,-60,-30
348,40,-30,-20,-60,-20
349,40,-30,-20,-60,-10
350,40,-30,-20,-60,0
351,40,-30,-20,-60,10
352,40,-30,-20,-50,-30
353,40,-30,-20,-50,-20
354,40,-30,-20,-50,-10
355,40,-30,-20,-50,0
356,40,-30,-20,-50,10
357,40,-20,-20,-60,-30
358,40,-20,-20,-60,-20
359,40,-20,-20,-60,-10
360,40,-20,-20,-60,0
361,40,-20,-20,-60,10
362,40,-20,-20,-60,20
363,40,-20,-20,-50,-30
364,40,-20,-20,-50,-20
365,40,-20,-20,-50,-10
366,40,-20,-20,-50,0
367,40,-20,-20,-50,10
368,40,-10,-20,-60,-20
369,40,-10,-20,-60,-10
370,40,-10,-20,-60,0
371,40,-10,-20,-60,10
372,40,-10,-20,-50,-20
373,40,-10,-20,-50,-10
374,40,-10,-20,-50,0
375,40,-10,-20,-50,10
376,40,0,-20,-60,-10
377,40,0,-20,-60,0
378,40,-30,-10,-60,-10
379,40,-30,-10,-60,0
380,40,-30,-10,-50,-10
381,40,-30,-10,-50,0
382,40,-20,-10,-60,-20
383,40,-20,-10,-60,-10
384,40,-20,-10,-60,0
385,40,-20,-10,-60,10
386,40,-20,-10,-50,-20
387,40,-20,-10,-50,-10
388,40,-20,-10,-50,0
389,40,-20,-10,-50,10
390,40,-10,-10,-60,-20
391,40,-10,-10,-60,-10
392,40,-10,-10,-60,0
393,40,-10,-10,-60,10
394,40,-10,-10,-60,20
395,40,-10,-10,-50,-20
396,40,-10,-10,-50,-10
397,40,-10,-10,-50,0
398,40,-10,-10,-50,10
399,40,-10,-10,-50,20
400,40,0,-10,-60,-10
401,40,0,-10,-60,0
402,40,0,-10,-60,10
403,40,0,-10,-50,-10
404,40,0,-10,-50,0
405,40,0,-10,-50,10
406,40,0,-10,-50,20
407,50,-70,-40,-60,-30
408,50,-70,-40,-60,-20
409,50,-60,-40,-70,-40
410,50,-60,-40,-70,-30
411,50,-60,-40,-70,-20
412,50,-60,-40,-60,-40
413,50,-60,-40,-60,-30
414,50,-60,-40,-60,-20
415,50,-60,-40,-60,-10
416,50,-50,-40,-70,-40
417,50,-50,-40,-70,-30
418,50,-50,-40,-70,-20
419,50,-50,-40,-60,-40
420,50,-50,-40,-60,-30
421,50,-50,-40,-60,-20
422,50,-50,-40,-60,-10
423,50,-50,-40,-60,0
424,50,-40,-40,-70,-30
425,50,-40,-40,-70,-20
426,50,-40,-40,-60,-40
427,50,-40,-40,-60,-30
428,50,-40,-40,-60,-20
429,50,-40,-40,-60,-10
430,50,-40,-40,-60,0
431,50,-30,-40,-60,-30
432,50,-30,-40,-60,-20
433,50,-30,-40,-60,-10
434,50,-60,-30,-60,-40
435,50,-60,-30,-60,-30
436,50,-60,-30,-60,-20
437,50,-60,-30,-60,-10
438,50,-60,-30,-60,0
439,50,-50,-30,-70,-30
440,50,-50,-30,-70,-20
441,50,-50,-30,-70,-10
442,50,-50,-30,-60,-40
443,50,-50,-30,-60,-30
444,50,-50,-30,-60,-20
445,50,-50,-30,-60,-10
446,50,-50,-30,-60,0
447,50,-50,-30,-60,10
448,50,-50,-30,-50,-30
449,50,-50,-30,-50,-20
450,50,-50,-30,-50,-10
451,50,-50,-30,-50,0
452,50,-40,-30,-70,-30
453,50,-40,-30,-70,-20
454,50,-40,-30,-70,-10
455,50,-40,-30,-70,0
456,50,-40,-30,-60,-40
457,50,-40,-30,-60,-30
458,50,-40,-30,-60,-20
459,50,-40,-30,-60,-10
460,50,-40,-30,-60,0
461,50,-40,-30,-60,10
462,50,-40,-30,-50,-30
463,50,-40,-30,-50,-20
464,50,-40,-30,-50,-10
465,50,-40,-30,-50,0
466,50,-30,-30,-70,-30
467,50,-30,-30,-70,-20
468,50,-30,-30,-70,-10
469,50,-30,-30,-60,-40
470,50,-30,-30,-60,-30
471,50,-30,-30,-60,-20
472,50,-30,-30,-60,-10
473,50,-30,-30,-60,0
474,50,-30,-30,-60,10
475,50,-30,-30,-50,-30
476,50,-30,-30,-50,-20
477,50,-30,-30,-50,-10
478,50,-30,-30,-50,0
479,50,-20,-30,-60,-30
480,50,-20,-30,-60,-20
481,50,-20,-30,-60,-10
482,50,-20,-30,-60,0
483,50,-20,-30,-60,10
484,50,-20,-30,-50,-20
485,50,-20,-30,-50,-10
486,50,-20,-30,-50,0
487,50,-10,-30,-60,-10
488,50,-50,-20,-60,-30
489,50,-50,-20,-60,-20
490,50,-50,-20,-60,-10
491,50,-50,-20,-60,0
492,50,-50,-20,-50,-20
493,50,-50,-20,-50,-10
494,50,-50,-20,-50,0
495,50,-40,-20,-70,-20
496,50,-40,-20,-70,-10
497,50,-40,-20,-60,-40
498,50,-40,-20,-60,-30
499,50,-40,-20,-60,-20
500,50,-40,-20,-60,-10
501,50,-40,-20,-60,0
502,50,-40,-20,-60,10
503,50,-40,-20,-50,-30
504,50,-40,-20,-50,-20
505,50,-40,-20,-50,-10
506,50,-40,-20,-50,0
507,50,-40,-20,-50,10
508,50,-30,-20,-70,-20
509,50,-30,-20,-70,-10
510,50,-30,-20,-70,0
511,50,-30,-20,-60,-40
512,50,-30,-20,-60,-30
513,50,-30,-20,-60,-20
514,50,-30,-20,-60,-10
515,50,-30,-20,-60,0
516,50,-30,-20,-60,10
517,50,-30,-20,-60,20
518,50,-30,-20,-50,-30
519,50,-30,-20,-50,-20
520,50,-30,-20,-50,-10
521,50,-30,-20,-50,0
522,50,-30,-20,-50,10
523,50,-30,-20,-50,20
524,50,-20,-20,-70,-10
525,50,-20,-20,-70,0
526,50,-20,-20,-60,-30
527,50,-20,-20,-60,-20
528,50,-20,-20,-60,-10
529,50,-20,-20,-60,0
530,50,-20,-20,-60,10
531,50,-20,-20,-60,20
532,50,-20,-20,-50,-30
533,50,-20,-20,-50,-20
534,50,-20,-20,-50,-10
535,50,-20,-20,-50,0
536,50,-20,-20,-50,10
537,50,-20,-20,-50,20
538,50,-10,-20,-60,-30
539,50,-10,-20,-60,-20
540,50,-10,-20,-60,-10
541,50,-10,-20,-60,0
542,50,-10,-20,-60,10
543,50,-10,-20,-60,20
544,50,-10,-20,-50,-20
545,50,-10,-20,-50,-10
546,50,-10,-20,-50,0
547,50,-10,-20,-50,10
548,50,-10,-20,-50,20
549,50,0,-20,-60,-20
550,50,0,-20,-60,-10
551,50,0,-20,-60,0
552,50,0,-20,-60,10
553,50,0,-20,-50,-10
554,50,0,-20,-50,0
555,50,0,-20,-50,10
556,50,-30,-10,-60,-20
557,50,-30,-10,-60,-10
558,50,-30,-10,-60,0
559,50,-30,-10,-60,10
560,50,-30,-10,-50,-20
561,50,-30,-10,-50,-10
562,50,-30,-10,-50,0
563,50,-30,-10,-50,10
564,50,-20,-10,-60,-20
565,50,-20,-10,-60,-10
566,50,-20,-10,-60,0
567,50,-20,-10,-60,10
568,50,-20,-10,-60,20
569,50,-20,-10,-50,-20
570,50,-20,-10,-50,-10
571,50,-20,-10,-50,0
572,50,-20,-10,-50,10
573,50,-20,-10,-50,20
574,50,-10,-10,-60,-20
575,50,-10,-10,-60,-10
576,50,-10,-10,-60,0
577,50,-10,-10,-60,10
578,50,-10,-10,-60,20
579,50,-10,-10,-50,-20
580,50,-10,-10,-50,-10
581,50,-10,-10,-50,0
582,50,-10,-10,-50,10
583,50,-10,-10,-50,20
584,50,-10,-10,-50,30
585,50,0,-10,-60,-20
586,50,0,-10,-60,-10
587,50,0,-10,-60,0
588,50,0,-10,-60,10
589,50,0,-10,-60,20
590,50,0,-10,-50,-20
591,50,0,-10,-50,-10
592,50,0,-10,-50,0
593,50,0,-10,-50,10
594,50,0,-10,-50,20
595,50,0,-10,-50,30
596,50,10,-10,-60,-10
597,50,10,-10,-60,0
598,50,10,-10,-60,10
599,50,10,-10,-60,20
600,50,10,-10,-50,-10
601,50,10,-10,-50,0
602,50,10,-10,-50,10
603,50,10,-10,-50,20
604,50,0,0,-50,0
605,50,0,0,-50,10
606,50,0,0,-50,20
607,50,10,0,-50,0
608,50,10,0,-50,10
609,50,10,0,-50,20
610,50,20,0,-50,10
611,50,20,0,-50,20
612,60,-60,-40,-60,-40
613,60,-60,-40,-60,-30
614,60,-60,-40,-60,-20
615,60,-60,-40,-60,-10
616,60,-50,-40,-70,-30
617,60,-50,-40,-60,-40
618,60,-50,-40,-60,-30
619,60,-50,-40,-60,-20
620,60,-50,-40,-60,-10
621,60,-40,-40,-60,-30
622,60,-40,-40,-60,-20
623,60,-40,-40,-60,-10
624,60,-30,-40,-60,-20
625,60,-30,-40,-60,-10
626,60,-60,-30,-60,-30
627,60,-60,-30,-60,-20
628,60,-60,-30,-60,-10
629,60,-50,-30,-70,-30
630,60,-50,-30,-70,-20
631,60,-50,-30,-70,-10
632,60,-50,-30,-60,-40
633,60,-50,-30,-60,-30
634,60,-50,-30,-60,-20
635,60,-50,-30,-60,-10
636,60,-50,-30,-60,0
637,60,-50,-30,-50,-30
638,60,-50,-30,-50,-20
639,60,-50,-30,-50,-10
640,60,-50,-30,-50,0
641,60,-40,-30,-70,-30
642,60,-40,-30,-70,-20
643,60,-40,-30,-70,-10
644,60,-40,-30,-60,-40
645,60,-40,-30,-60,-30
646,60,-40,-30,-60,-20
647,60,-40,-30,-60,-10
648,60,-40,-30,-60,0
649,60,-40,-30,-60,10
650,60,-40,-30,-50,-30
651,60,-40,-30,-50,-20
652,60,-40,-30,-50,-10
653,60,-40,-30,-50,0
654,60,-30,-30,-70,-20
655,60,-30,-30,-70,-10
656,60,-30,-30,-60,-40
657,60,-30,-30,-60,-30
658,60,-30,-30,-60,-20
659,60,-30,-30,-60,-10
660,60,-30,-30,-60,0
661,60,-30,-30,-60,10
662,60,-30,-30,-50,-30
663,60,-30,-30,-50,-20
664,60,-30,-30,-50,-10
665,60,-30,-30,-50,0
666,60,-30,-30,-50,10
667,60,-20,-30,-60,-30
668,60,-20,-30,-60,-20
669,60,-20,-30,-60,-10
670,60,-20,-30,-60,0
671,60,-20,-30,-60,10
672,60,-20,-30,-50,-20
673,60,-20,-30,-50,-10
674,60,-20,-30,-50,0
675,60,-10,-30,-60,-10
676,60,-10,-30,-60,0
677,60,-50,-20,-60,-30
678,60,-50,-20,-60,-20
679,60,-50,-20,-60,-10
680,60,-50,-20,-60,0
681,60,-50,-20,-50,-20
682,60,-50,-20,-50,-10
683,60,-50,-20,-50,0
684,60,-40,-20,-70,-10
685,60,-40,-20,-60,-40
686,60,-40,-20,-60,-30
687,60,-40,-20,-60,-20
688,60,-40,-20,-60,-10
689,60,-40,-20,-60,0
690,60,-40,-20,-60,10
691,60,-40,-20,-50,-30
692,60,-40,-20,-50,-20
693,60,-40,-20,-50,-10
694,60,-40,-20,-50,0
695,60,-40,-20,-50,10
696,60,-30,-20,-70,-20
697,60,-30,-20,-70,-10
698,60,-30,-20,-70,0
699,60,-30,-20,-60,-40
700,60,-30,-20,-60,-30
701,60,-30,-20,-60,-20
702,60,-30,-20,-60,-10
703,60,-30,-20,-60,0
704,60,-30,-20,-60,10
705,60,-30,-20,-60,20
706,60,-30,-20,-50,-30
707,60,-30,-20,-50,-20
708,60,-30,-20,-50,-10
709,60,-30,-20,-50,0
710,60,-30,-20,-50,10
711,60,-30,-20,-50,20
712,60,-20,-20,-70,-20
713,60,-20,-20,-70,-10
714,60,-20,-20,-70,0
715,60,-20,-20,-60,-30
716,60,-20,-20,-60,-20
717,60,-20,-20,-60,-10
718,60,-20,-20,-60,0
719,60,-20,-20,-60,10
720,60,-20,-20,-60,20
721,60,-20,-20,-50,-30
722,60,-20,-20,-50,-20
723,60,-20,-20,-50,-10
724,60,-20,-20,-50,0
725,60,-20,-20,-50,10
726,60,-20,-20,-50,20
727,60,-10,-20,-60,-30
728,60,-10,-20,-60,-20
729,60,-10,-20,-60,-10
730,60,-10,-20,-60,0
731,60,-10,-20,-60,10
732,60,-10,-20,-60,20
733,60,-10,-20,-50,-20
734,60,-10,-20,-50,-10
735,60,-10,-20,-50,0
736,60,-10,-20,-50,10
737,60,-10,-20,-50,20
738,60,0,-20,-60,-20
739,60,0,-20,-60,-10
740,60,0,-20,-60,0
741,60,0,-20,-60,10
742,60,0,-20,-50,-10
743,60,0,-20,-50,0
744,60,0,-20,-50,10
745,60,-40,-10,-60,-10
746,60,-40,-10,-60,0
747,60,-40,-10,-50,-10
748,60,-40,-10,-50,0
749,60,-30,-10,-60,-20
750,60,-30,-10,-60,-10
751,60,-30,-10,-60,0
752,60,-30,-10,-60,10
753,60,-30,-10,-50,-20
754,60,-30,-10,-50,-10
755,60,-30,-10,-50,0
756,60,-30,-10,-50,10
757,60,-30,-10,-50,20
758,60,-20,-10,-60,-30
759,60,-20,-10,-60,-20
760,60,-20,-10,-60,-10
761,60,-20,-10,-60,0
762,60,-20,-10,-60,10
763,60,-20,-10,-60,20
764,60,-20,-10,-50,-30
765,60,-20,-10,-50,-20
766,60,-20,-10,-50,-10
767,60,-20,-10,-50,0
768,60,-20,-10,-50,10
769,60,-20,-10,-50,20
770,60,-20,-10,-50,30
771,60,-10,-10,-60,-30
772,60,-10,-10,-60,-20
773,60,-10,-10,-60,-10
774,60,-10,-10,-60,0
775,60,-10,-10,-60,10
776,60,-10,-10,-60,20
777,60,-10,-10,-60,30
778,60,-10,-10,-50,-30
779,60,-10,-10,-50,-20
780,60,-10,-10,-50,-10
781,60,-10,-10,-50,0
782,60,-10,-10,-50,10
783,60,-10,-10,-50,20
784,60,-10,-10,-50,30
785,60,-10,-10,-40,0
786,60,-10,-10,-40,10
787,60,0,-10,-60,-20
788,60,0,-10,-60,-10
789,60,0,-10,-60,0
790,60,0,-10,-60,10
791,60,0,-10,-60,20
792,60,0,-10,-60,30
793,60,0,-10,-50,-20
794,60,0,-10,-50,-10
795,60,0,-10,-50,0
796,60,0,-10,-50,10
797,60,0,-10,-50,20
798,60,0,-10,-50,30
799,60,0,-10,-40,0
800,60,0,-10,-40,10
801,60,10,-10,-60,-10
802,60,10,-10,-60,0
803,60,10,-10,-60,10
804,60,10,-10,-60,20
805,60,10,-10,-50,-10
806,60,10,-10,-50,0
807,60,10,-10,-50,10
808,60,10,-10,-50,20
809,60,10,-10,-50,30
810,60,20,-10,-50,0
811,60,20,-10,-50,10
812,60,20,-10,-50,20
813,60,-10,0,-60,0
814,60,-10,0,-60,10
815,60,-10,0,-50,-10
816,60,-10,0,-50,0
817,60,-10,0,-50,10
818,60,-10,0,-50,20
819,60,0,0,-60,-10
820,60,0,0,-60,0
821,60,0,0,-60,10
822,60,0,0,-60,20
823,60,0,0,-50,-10
824,60,0,0,-50,0
825,60,0,0,-50,10
826,60,0,0,-50,20
827,60,0,0,-50,30
828,60,10,0,-60,0
829,60,10,0,-60,10
830,60,10,0,-60,20
831,60,10,0,-50,-10
832,60,10,0,-50,0
833,60,10,0,-50,10
834,60,10,0,-50,20
835,60,10,0,-50,30
836,60,20,0,-60,0
837,60,20,0,-60,10
838,60,20,0,-60,20
839,60,20,0,-50,0
840,60,20,0,-50,10
841,60,20,0,-50,20
842,60,20,0,-50,30
843,60,30,0,-50,10
844,60,30,0,-50,20
845,70,-50,-40,-60,-30
846,70,-50,-40,-60,-20
847,70,-40,-40,-60,-30
848,70,-40,-40,-60,-20
849,70,-40,-40,-60,-10
850,70,-60,-30,-60,-30
851,70,-60,-30,-60,-20
852,70,-60,-30,-60,-10
853,70,-50,-30,-60,-40
854,70,-50,-30,-60,-30
855,70,-50,-30,-60,-20
856,70,-50,-30,-60,-10
857,70,-50,-30,-60,0
858,70,-50,-30,-50,-20
859,70,-50,-30,-50,-10
860,70,-40,-30,-70,-20
861,70,-40,-30,-60,-40
862,70,-40,-30,-60,-30
863,70,-40,-30,-60,-20
864,70,-40,-30,-60,-10
865,70,-40,-30,-60,0
866,70,-40,-30,-60,10
867,70,-40,-30,-50,-30
868,70,-40,-30,-50,-20
869,70,-40,-30,-50,-10
870,70,-40,-30,-50,0
871,70,-30,-30,-60,-30
872,70,-30,-30,-60,-20
873,70,-30,-30,-60,-10
874,70,-30,-30,-60,0
875,70,-30,-30,-60,10
876,70,-30,-30,-50,-20
877,70,-30,-30,-50,-10
878,70,-30,-30,-50,0
879,70,-20,-30,-60,-30
880,70,-20,-30,-60,-20
881,70,-20,-30,-60,-10
882,70,-20,-30,-60,0
883,70,-20,-30,-60,10
884,70,-20,-30,-50,-20
885,70,-20,-30,-50,-10
886,70,-20,-30,-50,0
887,70,-10,-30,-60,-10
888,70,-50,-20,-60,-30
889,70,-50,-20,-60,-20
890,70,-50,-20,-60,-10
891,70,-50,-20,-60,0
892,70,-50,-20,-50,-20
893,70,-50,-20,-50,-10
894,70,-50,-20,-50,0
895,70,-40,-20,-60,-30
896,70,-40,-20,-60,-20
897,70,-40,-20,-60,-10
898,70,-40,-20,-60,0
899,70,-40,-20,-60,10
900,70,-40,-20,-50,-30
901,70,-40,-20,-50,-20
902,70,-40,-20,-50,-10
903,70,-40,-20,-50,0
904,70,-40,-20,-50,10
905,70,-30,-20,-70,-20
906,70,-30,-20,-70,-10
907,70,-30,-20,-60,-30
908,70,-30,-20,-60,-20
909,70,-30,-20,-60,-10
910,70,-30,-20,-60,0
911,70,-30,-20,-60,10
912,70,-30,-20,-60,20
913,70,-30,-20,-50,-30
914,70,-30,-20,-50,-20
915,70,-30,-20,-50,-10
916,70,-30,-20,-50,0
917,70,-30,-20,-50,10
918,70,-30,-20,-50,20
919,70,-20,-20,-70,-10
920,70,-20,-20,-70,0
921,70,-20,-20,-60,-30
922,70,-20,-20,-60,-20
923,70,-20,-20,-60,-10
924,70,-20,-20,-60,0
925,70,-20,-20,-60,10
926,70,-20,-20,-60,20
927,70,-20,-20,-50,-30
928,70,-20,-20,-50,-20
929,70,-20,-20,-50,-10
930,70,-20,-20,-50,0
931,70,-20,-20,-50,10
932,70,-20,-20,-50,20
933,70,-10,-20,-60,-30
934,70,-10,-20,-60,-20
935,70,-10,-20,-60,-10
936,70,-10,-20,-60,0
937,70,-10,-20,-60,10
938,70,-10,-20,-60,20
939,70,-10,-20,-50,-20
940,70,-10,-20,-50,-10
941,70,-10,-20,-50,0
942,70,-10,-20,-50,10
943,70,-10,-20,-50,20
944,70,0,-20,-60,-20
945,70,0,-20,-60,-10
946,70,0,-20,-60,0
947,70,0,-20,-60,10
948,70,0,-20,-60,20
949,70,0,-20,-50,-20
950,70,0,-20,-50,-10
951,70,0,-20,-50,0
952,70,0,-20,-50,10
953,70,0,-20,-50,20
954,70,-40,-10,-60,-10
955,70,-40,-10,-60,0
956,70,-40,-10,-50,-10
957,70,-40,-10,-50,0
958,70,-30,-10,-60,-20
959,70,-30,-10,-60,-10
960,70,-30,-10,-60,0
961,70,-30,-10,-60,10
962,70,-30,-10,-60,20
963,70,-30,-10,-50,-20
964,70,-30,-10,-50,-10
965,70,-30,-10,-50,0
966,70,-30,-10,-50,10
967,70,-30,-10,-50,20
968,70,-20,-10,-60,-30
969,70,-20,-10,-60,-20
970,70,-20,-10,-60,-10
971,70,-20,-10,-60,0
972,70,-20,-10,-60,10
973,70,-20,-10,-60,20
974,70,-20,-10,-50,-30
975,70,-20,-10,-50,-20
976,70,-20,-10,-50,-10
977,70,-20,-10,-50,0
978,70,-20,-10,-50,10
979,70,-20,-10,-50,20
980,70,-20,-10,-50,30
981,70,-20,-10,-40,0
982,70,-20,-10,-40,10
983,70,-10,-10,-60,-30
984,70,-10,-10,-60,-20
985,70,-10,-10,-60,-10
986,70,-10,-10,-60,0
987,70,-10,-10,-60,10
988,70,-10,-10,-60,20
989,70,-10,-10,-60,30
990,70,-10,-10,-50,-30
991,70,-10,-10,-50,-20
992,70,-10,-10,-50,-10
993,70,-10,-10,-50,0
994,70,-10,-10,-50,10
995,70,-10,-10,-50,20
996,70,-10,-10,-50,30
997,70,-10,-10,-40,-10
998,70,-10,-10,-40,0
999,70,-10,-10,-40,10
1000,70,-10,-10,-40,20
1001,70,0,-10,-60,-20
1002,70,0,-10,-60,-10
1003,70,0,-10,-60,0
1004,70,0,-10,-60,10
1005,70,0,-10,-60,20
1006,70,0,-10,-60,30
1007,70,0,-10,-50,-20
1008,70,0,-10,-50,-10
1009,70,0,-10,-50,0
1010,70,0,-10,-50,10
1011,70,0,-10,-50,20
1012,70,0,-10,-50,30
1013,70,0,-10,-40,0
1014,70,0,-10,-40,10
1015,70,0,-10,-40,20
1016,70,10,-10,-60,-20
1017,70,10,-10,-60,-10
1018,70,10,-10,-60,0
1019,70,10,-10,-60,10
1020,70,10,-10,-60,20
1021,70,10,-10,-60,30
1022,70,10,-10,-50,-20
1023,70,10,-10,-50,-10
1024,70,10,-10,-50,0
1025,70,10,-10,-50,10
1026,70,10,-10,-50,20
1027,70,10,-10,-50,30
1028,70,10,-10,-40,10
1029,70,20,-10,-60,0
1030,70,20,-10,-60,10
1031,70,20,-10,-60,20
1032,70,20,-10,-50,-10
1033,70,20,-10,-50,0
1034,70,20,-10,-50,10
1035,70,20,-10,-50,20
1036,70,-20,0,-50,0
1037,70,-20,0,-50,10
1038,70,-10,0,-60,-10
1039,70,-10,0,-60,0
1040,70,-10,0,-60,10
1041,70,-10,0,-60,20
1042,70,-10,0,-50,-10
1043,70,-10,0,-50,0
1044,70,-10,0,-50,10
1045,70,-10,0,-50,20
1046,70,-10,0,-50,30
1047,70,0,0,-60,-10
1048,70,0,0,-60,0
1049,70,0,0,-60,10
1050,70,0,0,-60,20
1051,70,0,0,-60,30
1052,70,0,0,-50,-20
1053,70,0,0,-50,-10
1054,70,0,0,-50,0
1055,70,0,0,-50,10
1056,70,0,0,-50,20
1057,70,0,0,-50,30
1058,70,0,0,-40,0
1059,70,0,0,-40,10
1060,70,0,0,-40,20
1061,70,10,0,-60,-10
1062,70,10,0,-60,0
1063,70,10,0,-60,10
1064,70,10,0,-60,20
1065,70,10,0,-60,30
1066,70,10,0,-50,-10
1067,70,10,0,-50,0
1068,70,10,0,-50,10
1069,70,10,0,-50,20
1070,70,10,0,-50,30
1071,70,10,0,-50,40
1072,70,10,0,-40,0
1073,70,10,0,-40,10
1074,70,10,0,-40,20
1075,70,20,0,-60,0
1076,70,20,0,-60,10
1077,70,20,0,-60,20
1078,70,20,0,-60,30
1079,70,20,0,-50,-10
1080,70,20,0,-50,0
1081,70,20,0,-50,10
1082,70,20,0,-50,20
1083,70,20,0,-50,30
1084,70,20,0,-50,40
1085,70,20,0,-40,10
1086,70,20,0,-40,20
1087,70,30,0,-60,10
1088,70,30,0,-60,20
1089,70,30,0,-50,0
1090,70,30,0,-50,10
1091,70,30,0,-50,20
1092,70,30,0,-50,30
1093,70,30,10,-50,20
1094,80,-50,-30,-60,-30
1095,80,-50,-30,-60,-20
1096,80,-50,-30,-60,-10
1097,80,-40,-30,-60,-30
1098,80,-40,-30,-60,-20
1099,80,-40,-30,-60,-10
1100,80,-40,-30,-60,0
1101,80,-40,-30,-50,-20
1102,80,-40,-30,-50,-10
1103,80,-30,-30,-60,-30
1104,80,-30,-30,-60,-20
1105,80,-30,-30,-60,-10
1106,80,-30,-30,-60,0
1107,80,-30,-30,-50,-20
1108,80,-30,-30,-50,-10
1109,80,-30,-30,-50,0
1110,80,-20,-30,-60,-20
1111,80,-20,-30,-60,-10
1112,80,-20,-30,-60,0
1113,80,-50,-20,-60,-20
1114,80,-50,-20,-60,-10
1115,80,-50,-20,-60,0
1116,80,-40,-20,-60,-30
1117,80,-40,-20,-60,-20
1118,80,-40,-20,-60,-10
1119,80,-40,-20,-60,0
1120,80,-40,-20,-60,10
1121,80,-40,-20,-50,-20
1122,80,-40,-20,-50,-10
1123,80,-40,-20,-50,0
1124,80,-40,-20,-50,10
1125,80,-30,-20,-60,-30
1126,80,-30,-20,-60,-20
1127,80,-30,-20,-60,-10
1128,80,-30,-20,-60,0
1129,80,-30,-20,-60,10
1130,80,-30,-20,-60,20
1131,80,-30,-20,-50,-30
1132,80,-30,-20,-50,-20
1133,80,-30,-20,-50,-10
1134,80,-30,-20,-50,0
1135,80,-30,-20,-50,10
1136,80,-30,-20,-50,20
1137,80,-20,-20,-60,-30
1138,80,-20,-20,-60,-20
1139,80,-20,-20,-60,-10
1140,80,-20,-20,-60,0
1141,80,-20,-20,-60,10
1142,80,-20,-20,-60,20
1143,80,-20,-20,-50,-30
1144,80,-20,-20,-50,-20
1145,80,-20,-20,-50,-10
1146,80,-20,-20,-50,0
1147,80,-20,-20,-50,10
1148,80,-20,-20,-50,20
1149,80,-10,-20,-60,-30
1150,80,-10,-20,-60,-20
1151,80,-10,-20,-60,-10
1152,80,-10,-20,-60,0
1153,80,-10,-20,-60,10
1154,80,-10,-20,-60,20
1155,80,-10,-20,-50,-20
1156,80,-10,-20,-50,-10
1157,80,-10,-20,-50,0
1158,80,-10,-20,-50,10
1159,80,-10,-20,-50,20
1160,80,0,-20,-60,-20
1161,80,0,-20,-60,-10
1162,80,0,-20,-60,0
1163,80,0,-20,-60,10
1164,80,0,-20,-50,-10
1165,80,0,-20,-50,0
1166,80,0,-20,-50,10
1167,80,0,-20,-50,20
1168,80,-40,-10,-50,-10
1169,80,-40,-10,-50,0
1170,80,-30,-10,-60,-20
1171,80,-30,-10,-60,-10
1172,80,-30,-10,-60,0
1173,80,-30,-10,-60,10
1174,80,-30,-10,-60,20
1175,80,-30,-10,-50,-20
1176,80,-30,-10,-50,-10
1177,80,-30,-10,-50,0
1178,80,-30,-10,-50,10
1179,80,-30,-10,-50,20
1180,80,-20,-10,-60,-30
1181,80,-20,-10,-60,-20
1182,80,-20,-10,-60,-10
1183,80,-20,-10,-60,0
1184,80,-20,-10,-60,10
1185,80,-20,-10,-60,20
1186,80,-20,-10,-50,-30
1187,80,-20,-10,-50,-20
1188,80,-20,-10,-50,-10
1189,80,-20,-10,-50,0
1190,80,-20,-10,-50,10
1191,80,-20,-10,-50,20
1192,80,-20,-10,-50,30
1193,80,-20,-10,-40,0
1194,80,-20,-10,-40,10
1195,80,-10,-10,-60,-30
1196,80,-10,-10,-60,-20
1197,80,-10,-10,-60,-10
1198,80,-10,-10,-60,0
1199,80,-10,-10,-60,10
1200,80,-10,-10,-60,20
1201,80,-10,-10,-60,30
1202,80,-10,-10,-50,-30
1203,80,-10,-10,-50,-20
1204,80,-10,-10,-50,-10
1205,80,-10,-10,-50,0
1206,80,-10,-10,-50,10
1207,80,-10,-10,-50,20
1208,80,-10,-10,-50,30
1209,80,-10,-10,-40,-10
1210,80,-10,-10,-40,0
1211,80,-10,-10,-40,10
1212,80,-10,-10,-40,20
1213,80,0,-10,-60,-20
1214,80,0,-10,-60,-10
1215,80,0,-10,-60,0
1216,80,0,-10,-60,10
1217,80,0,-10,-60,20
1218,80,0,-10,-60,30
1219,80,0,-10,-50,-20
1220,80,0,-10,-50,-10
1221,80,0,-10,-50,0
1222,80,0,-10,-50,10
1223,80,0,-10,-50,20
1224,80,0,-10,-50,30
1225,80,0,-10,-50,40
1226,80,0,-10,-40,-10
1227,80,0,-10,-40,0
1228,80,0,-10,-40,10
1229,80,0,-10,-40,20
1230,80,10,-10,-60,-20
1231,80,10,-10,-60,-10
1232,80,10,-10,-60,0
1233,80,10,-10,-60,10
1234,80,10,-10,-60,20
1235,80,10,-10,-60,30
1236,80,10,-10,-50,-20
1237,80,10,-10,-50,-10
1238,80,10,-10,-50,0
1239,80,10,-10,-50,10
1240,80,10,-10,-50,20
1241,80,10,-10,-50,30
1242,80,10,-10,-40,0
1243,80,10,-10,-40,10
1244,80,10,-10,-40,20
1245,80,20,-10,-60,0
1246,80,20,-10,-60,10
1247,80,20,-10,-60,20
1248,80,20,-10,-50,-10
1249,80,20,-10,-50,0
1250,80,20,-10,-50,10
1251,80,20,-10,-50,20
1252,80,20,-10,-50,30
1253,80,-20,0,-50,0
1254,80,-20,0,-50,10
1255,80,-10,0,-60,-10
1256,80,-10,0,-60,0
1257,80,-10,0,-60,10
1258,80,-10,0,-60,20
1259,80,-10,0,-50,-10
1260,80,-10,0,-50,0
1261,80,-10,0,-50,10
1262,80,-10,0,-50,20
1263,80,-10,0,-50,30
1264,80,-10,0,-40,10
1265,80,0,0,-60,-10
1266,80,0,0,-60,0
1267,80,0,0,-60,10
1268,80,0,0,-60,20
1269,80,0,0,-60,30
1270,80,0,0,-50,-20
1271,80,0,0,-50,-10
1272,80,0,0,-50,0
1273,80,0,0,-50,10
1274,80,0,0,-50,20
1275,80,0,0,-50,30
1276,80,0,0,-50,40
1277,80,0,0,-40,0
1278,80,0,0,-40,10
1279,80,0,0,-40,20
1280,80,0,0,-40,30
1281,80,10,0,-60,-10
1282,80,10,0,-60,0
1283,80,10,0,-60,10
1284,80,10,0,-60,20
1285,80,10,0,-60,30
1286,80,10,0,-50,-20
1287,80,10,0,-50,-10
1288,80,10,0,-50,0
1289,80,10,0,-50,10
1290,80,10,0,-50,20
1291,80,10,0,-50,30
1292,80,10,0,-50,40
1293,80,10,0,-40,0
1294,80,10,0,-40,10
1295,80,10,0,-40,20
1296,80,10,0,-40,30
1297,80,20,0,-60,-10
1298,80,20,0,-60,0
1299,80,20,0,-60,10
1300,80,20,0,-60,20
1301,80,20,0,-60,30
1302,80,20,0,-50,-10
1303,80,20,0,-50,0
1304,80,20,0,-50,10
1305,80,20,0,-50,20
1306,80,20,0,-50,30
1307,80,20,0,-50,40
1308,80,20,0,-40,0
1309,80,20,0,-40,10
1310,80,20,0,-40,20
1311,80,20,0,-40,30
1312,80,30,0,-60,0
1313,80,30,0,-60,10
1314,80,30,0,-60,20
1315,80,30,0,-60,30
1316,80,30,0,-50,-10
1317,80,30,0,-50,0
1318,80,30,0,-50,10
1319,80,30,0,-50,20
1320,80,30,0,-50,30
1321,80,30,0,-50,40
1322,80,30,0,-40,10
1323,80,30,0,-40,20
1324,80,30,0,-40,30
1325,80,40,0,-50,10
1326,80,40,0,-50,20
1327,80,40,0,-50,30
1328,80,10,10,-50,20
1329,80,20,10,-50,0
1330,80,20,10,-50,10
1331,80,20,10,-50,20
1332,80,20,10,-50,30
1333,80,30,10,-50,0
1334,80,30,10,-50,10
1335,80,30,10,-50,20
1336,80,30,10,-50,30
1337,80,30,10,-50,40
1338,80,30,10,-40,20
1339,80,40,10,-50,10
1340,80,40,10,-50,20
1341,80,40,10,-50,30
1342,80,40,10,-50,40
1343,80,50,10,-50,20
1344,80,50,10,-50,30
1345,90,-40,-30,-60,-20
1346,90,-40,-30,-60,-10
1347,90,-30,-30,-60,-20
1348,90,-30,-30,-60,-10
1349,90,-40,-20,-60,-20
1350,90,-40,-20,-60,-10
1351,90,-40,-20,-60,0
1352,90,-40,-20,-50,-20
1353,90,-40,-20,-50,-10
1354,90,-40,-20,-50,0
1355,90,-30,-20,-60,-30
1356,90,-30,-20,-60,-20
1357,90,-30,-20,-60,-10
1358,90,-30,-20,-60,0
1359,90,-30,-20,-60,10
1360,90,-30,-20,-50,-20
1361,90,-30,-20,-50,-10
1362,90,-30,-20,-50,0
1363,90,-30,-20,-50,10
1364,90,-20,-20,-60,-30
1365,90,-20,-20,-60,-20
1366,90,-20,-20,-60,-10
1367,90,-20,-20,-60,0
1368,90,-20,-20,-60,10
1369,90,-20,-20,-60,20
1370,90,-20,-20,-50,-20
1371,90,-20,-20,-50,-10
1372,90,-20,-20,-50,0
1373,90,-20,-20,-50,10
1374,90,-20,-20,-50,20
1375,90,-10,-20,-60,-20
1376,90,-10,-20,-60,-10
1377,90,-10,-20,-60,0
1378,90,-10,-20,-60,10
1379,90,-10,-20,-60,20
1380,90,-10,-20,-50,-20
1381,90,-10,-20,-50,-10
1382,90,-10,-20,-50,0
1383,90,-10,-20,-50,10
1384,90,-10,-20,-50,20
1385,90,0,-20,-60,-10
1386,90,0,-20,-60,0
1387,90,0,-20,-60,10
1388,90,0,-20,-50,-10
1389,90,0,-20,-50,0
1390,90,0,-20,-50,10
1391,90,-30,-10,-60,-20
1392,90,-30,-10,-60,-10
1393,90,-30,-10,-60,0
1394,90,-30,-10,-60,10
1395,90,-30,-10,-50,-20
1396,90,-30,-10,-50,-10
1397,90,-30,-10,-50,0
1398,90,-30,-10,-50,10
1399,90,-30,-10,-50,20
1400,90,-20,-10,-60,-20
1401,90,-20,-10,-60,-10
1402,90,-20,-10,-60,0
1403,90,-20,-10,-60,10
1404,90,-20,-10,-60,20
1405,90,-20,-10,-50,-20
1406,90,-20,-10,-50,-10
1407,90,-20,-10,-50,0
1408,90,-20,-10,-50,10
1409,90,-20,-10,-50,20
1410,90,-20,-10,-50,30
1411,90,-20,-10,-40,0
1412,90,-20,-10,-40,10
1413,90,-10,-10,-60,-20
1414,90,-10,-10,-60,-10
1415,90,-10,-10,-60,0
1416,90,-10,-10,-60,10
1417,90,-10,-10,-60,20
1418,90,-10,-10,-60,30
1419,90,-10,-10,-50,-30
1420,90,-10,-10,-50,-20
1421,90,-10,-10,-50,-10
1422,90,-10,-10,-50,0
1423,90,-10,-10,-50,10
1424,90,-10,-10,-50,20
1425,90,-10,-10,-50,30
1426,90,-10,-10,-40,-10
1427,90,-10,-10,-40,0
1428,90,-10,-10,-40,10
1429,90,-10,-10,-40,20
1430,90,0,-10,-60,-20
1431,90,0,-10,-60,-10
1432,90,0,-10,-60,0
1433,90,0,-10,-60,10
1434,90,0,-10,-60,20
1435,90,0,-10,-60,30
1436,90,0,-10,-50,-20
1437,90,0,-10,-50,-10
1438,90,0,-10,-50,0
1439,90,0,-10,-50,10
1440,90,0,-10,-50,20
1441,90,0,-10,-50,30
1442,90,0,-10,-50,40
1443,90,0,-10,-40,-10
1444,90,0,-10,-40,0
1445,90,0,-10,-40,10
1446,90,0,-10,-40,20
1447,90,10,-10,-60,-10
1448,90,10,-10,-60,0
1449,90,10,-10,-60,10
1450,90,10,-10,-60,20
1451,90,10,-10,-60,30
1452,90,10,-10,-50,-20
1453,90,10,-10,-50,-10
1454,90,10,-10,-50,0
1455,90,10,-10,-50,10
1456,90,10,-10,-50,20
1457,90,10,-10,-50,30
1458,90,10,-10,-40,0
1459,90,10,-10,-40,10
1460,90,10,-10,-40,20
1461,90,20,-10,-60,0
1462,90,20,-10,-60,10
1463,90,20,-10,-60,20
1464,90,20,-10,-50,-10
1465,90,20,-10,-50,0
1466,90,20,-10,-50,10
1467,90,20,-10,-50,20
1468,90,20,-10,-50,30
1469,90,-20,0,-50,0
1470,90,-20,0,-50,10
1471,90,-20,0,-50,20
1472,90,-10,0,-60,-10
1473,90,-10,0,-60,0
1474,90,-10,0,-60,10
1475,90,-10,0,-60,20
1476,90,-10,0,-50,-10
1477,90,-10,0,-50,0
1478,90,-10,0,-50,10
1479,90,-10,0,-50,20
1480,90,-10,0,-50,30
1481,90,-10,0,-40,0
1482,90,-10,0,-40,10
1483,90,0,0,-60,-10
1484,90,0,0,-60,0
1485,90,0,0,-60,10
1486,90,0,0,-60,20
1487,90,0,0,-60,30
1488,90,0,0,-50,-20
1489,90,0,0,-50,-10
1490,90,0,0,-50,0
1491,90,0,0,-50,10
1492,90,0,0,-50,20
1493,90,0,0,-50,30
1494,90,0,0,-50,40
1495,90,0,0,-40,0
1496,90,0,0,-40,10
1497,90,0,0,-40,20
1498,90,0,0,-40,30
1499,90,10,0,-60,-10
1500,90,10,0,-60,0
1501,90,10,0,-60,10
1502,90,10,0,-60,20
1503,90,10,0,-60,30
1504,90,10,0,-50,-20
1505,90,10,0,-50,-10
1506,90,10,0,-50,0
1507,90,10,0,-50,10
1508,90,10,0,-50,20
1509,90,10,0,-50,30
1510,90,10,0,-50,40
1511,90,10,0,-40,-10
1512,90,10,0,-40,0
1513,90,10,0,-40,10
1514,90,10,0,-40,20
1515,90,10,0,-40,30
1516,90,20,0,-60,-10
1517,90,20,0,-60,0
1518,90,20,0,-60,10
1519,90,20,0,-60,20
1520,90,20,0,-60,30
1521,90,20,0,-60,40
1522,90,20,0,-50,-10
1523,90,20,0,-50,0
1524,90,20,0,-50,10
1525,90,20,0,-50,20
1526,90,20,0,-50,30
1527,90,20,0,-50,40
1528,90,20,0,-40,0
1529,90,20,0,-40,10
1530,90,20,0,-40,20
1531,90,20,0,-40,30
1532,90,20,0,-40,40
1533,90,30,0,-60,0
1534,90,30,0,-60,10
1535,90,30,0,-60,20
1536,90,30,0,-60,30
1537,90,30,0,-50,-10
1538,90,30,0,-50,0
1539,90,30,0,-50,10
1540,90,30,0,-50,20
1541,90,30,0,-50,30
1542,90,30,0,-50,40
1543,90,30,0,-40,0
1544,90,30,0,-40,10
1545,90,30,0,-40,20
1546,90,30,0,-40,30
1547,90,40,0,-50,0
1548,90,40,0,-50,10
1549,90,40,0,-50,20
1550,90,40,0,-50,30
1551,90,40,0,-50,40
1552,90,10,10,-50,10
1553,90,10,10,-50,20
1554,90,10,10,-50,30
1555,90,20,10,-50,0
1556,90,20,10,-50,10
1557,90,20,10,-50,20
1558,90,20,10,-50,30
1559,90,20,10,-50,40
1560,90,20,10,-40,10
1561,90,20,10,-40,20
1562,90,20,10,-40,30
1563,90,30,10,-60,20
1564,90,30,10,-50,0
1565,90,30,10,-50,10
1566,90,30,10,-50,20
1567,90,30,10,-50,30
1568,90,30,10,-50,40
1569,90,30,10,-40,10
1570,90,30,10,-40,20
1571,90,30,10,-40,30
1572,90,30,10,-40,40
1573,90,40,10,-50,0
1574,90,40,10,-50,10
1575,90,40,10,-50,20
1576,90,40,10,-50,30
1577,90,40,10,-50,40
1578,90,40,10,-40,10
1579,90,40,10,-40,20
1580,90,40,10,-40,30
1581,90,40,10,-40,40
1582,90,50,10,-50,10
1583,90,50,10,-50,20
1584,90,50,10,-50,30
1585,90,50,10,-50,40
1586,90,50,10,-40,20
1587,90,50,10,-40,30
1588,100,-30,-20,-60,-20
1589,100,-30,-20,-60,-10
1590,100,-30,-20,-60,0
1591,100,-30,-20,-60,10
1592,100,-30,-20,-50,-20
1593,100,-30,-20,-50,-10
1594,100,-30,-20,-50,0
1595,100,-30,-20,-50,10
1596,100,-20,-20,-60,-20
1597,100,-20,-20,-60,-10
1598,100,-20,-20,-60,0
1599,100,-20,-20,-60,10
1600,100,-20,-20,-50,-20
1601,100,-20,-20,-50,-10
1602,100,-20,-20,-50,0
1603,100,-20,-20,-50,10
1604,100,-10,-20,-60,-10
1605,100,-10,-20,-60,0
1606,100,-10,-20,-60,10
1607,100,-10,-20,-50,-10
1608,100,-10,-20,-50,0
1609,100,-10,-20,-50,10
1610,100,0,-20,-50,0
1611,100,0,-20,-50,10
1612,100,-30,-10,-60,-10
1613,100,-30,-10,-60,0
1614,100,-30,-10,-60,10
1615,100,-30,-10,-50,-10
1616,100,-30,-10,-50,0
1617,100,-30,-10,-50,10
1618,100,-20,-10,-60,-20
1619,100,-20,-10,-60,-10
1620,100,-20,-10,-60,0
1621,100,-20,-10,-60,10
1622,100,-20,-10,-60,20
1623,100,-20,-10,-50,-20
1624,100,-20,-10,-50,-10
1625,100,-20,-10,-50,0
1626,100,-20,-10,-50,10
1627,100,-20,-10,-50,20
1628,100,-20,-10,-50,30
1629,100,-10,-10,-60,-20
1630,100,-10,-10,-60,-10
1631,100,-10,-10,-60,0
1632,100,-10,-10,-60,10
1633,100,-10,-10,-60,20
1634,100,-10,-10,-60,30
1635,100,-10,-10,-50,-20
1636,100,-10,-10,-50,-10
1637,100,-10,-10,-50,0
1638,100,-10,-10,-50,10
1639,100,-10,-10,-50,20
1640,100,-10,-10,-50,30
1641,100,-10,-10,-40,0
1642,100,-10,-10,-40,10
1643,100,-10,-10,-40,20
1644,100,0,-10,-60,-20
1645,100,0,-10,-60,-10
1646,100,0,-10,-60,0
1647,100,0,-10,-60,10
1648,100,0,-10,-60,20
1649,100,0,-10,-60,30
1650,100,0,-10,-50,-20
1651,100,0,-10,-50,-10
1652,100,0,-10,-50,0
1653,100,0,-10,-50,10
1654,100,0,-10,-50,20
1655,100,0,-10,-50,30
1656,100,0,-10,-40,0
1657,100,0,-10,-40,10
1658,100,0,-10,-40,20
1659,100,10,-10,-60,-10
1660,100,10,-10,-60,0
1661,100,10,-10,-60,10
1662,100,10,-10,-60,20
1663,100,10,-10,-60,30
1664,100,10,-10,-50,-20
1665,100,10,-10,-50,-10
1666,100,10,-10,-50,0
1667,100,10,-10,-50,10
1668,100,10,-10,-50,20
1669,100,10,-10,-50,30
1670,100,10,-10,-40,10
1671,100,10,-10,-40,20
1672,100,20,-10,-60,0
1673,100,20,-10,-60,10
1674,100,20,-10,-60,20
1675,100,20,-10,-50,-10
1676,100,20,-10,-50,0
1677,100,20,-10,-50,10
1678,100,20,-10,-50,20
1679,100,20,-10,-50,30
1680,100,-20,0,-50,0
1681,100,-20,0,-50,10
1682,100,-10,0,-60,-10
1683,100,-10,0,-60,0
1684,100,-10,0,-60,10
1685,100,-10,0,-60,20
1686,100,-10,0,-50,-10
1687,100,-10,0,-50,0
1688,100,-10,0,-50,10
1689,100,-10,0,-50,20
1690,100,-10,0,-50,30
1691,100,-10,0,-40,10
1692,100,0,0,-60,-10
1693,100,0,0,-60,0
1694,100,0,0,-60,10
1695,100,0,0,-60,20
1696,100,0,0,-60,30
1697,100,0,0,-50,-20
1698,100,0,0,-50,-10
1699,100,0,0,-50,0
1700,100,0,0,-50,10
1701,100,0,0,-50,20
1702,100,0,0,-50,30
1703,100,0,0,-50,40
1704,100,0,0,-40,0
1705,100,0,0,-40,10
1706,100,0,0,-40,20
1707,100,0,0,-40,30
1708,100,10,0,-60,-10
1709,100,10,0,-60,0
1710,100,10,0,-60,10
1711,100,10,0,-60,20
1712,100,10,0,-60,30
1713,100,10,0,-50,-20
1714,100,10,0,-50,-10
1715,100,10,0,-50,0
1716,100,10,0,-50,10
1717,100,10,0,-50,20
1718,100,10,0,-50,30
1719,100,10,0,-50,40
1720,100,10,0,-40,-10
1721,100,10,0,-40,0
1722,100,10,0,-40,10
1723,100,10,0,-40,20
1724,100,10,0,-40,30
1725,100,10,0,-40,40
1726,100,20,0,-60,-10
1727,100,20,0,-60,0
1728,100,20,0,-60,10
1729,100,20,0,-60,20
1730,100,20,0,-60,30
1731,100,20,0,-60,40
1732,100,20,0,-50,-10
1733,100,20,0,-50,0
1734,100,20,0,-50,10
1735,100,20,0,-50,20
1736,100,20,0,-50,30
1737,100,20,0,-50,40
1738,100,20,0,-50,50
1739,100,20,0,-40,0
1740,100,20,0,-40,10
1741,100,20,0,-40,20
1742,100,20,0,-40,30
1743,100,20,0,-40,40
1744,100,30,0,-60,0
1745,100,30,0,-60,10
1746,100,30,0,-60,20
1747,100,30,0,-60,30
1748,100,30,0,-50,-10
1749,100,30,0,-50,0
1750,100,30,0,-50,10
1751,100,30,0,-50,20
1752,100,30,0,-50,30
1753,100,30,0,-50,40
1754,100,30,0,-40,0
1755,100,30,0,-40,10
1756,100,30,0,-40,20
1757,100,30,0,-40,30
1758,100,30,0,-40,40
1759,100,40,0,-50,0
1760,100,40,0,-50,10
1761,100,40,0,-50,20
1762,100,40,0,-50,30
1763,100,40,0,-50,40
1764,100,40,0,-40,20
1765,100,10,10,-50,0
1766,100,10,10,-50,10
1767,100,10,10,-50,20
1768,100,10,10,-50,30
1769,100,20,10,-60,10
1770,100,20,10,-60,20
1771,100,20,10,-50,0
1772,100,20,10,-50,10
1773,100,20,10,-50,20
1774,100,20,10,-50,30
1775,100,20,10,-50,40
1776,100,20,10,-40,10
1777,100,20,10,-40,20
1778,100,20,10,-40,30
1779,100,20,10,-40,40
1780,100,30,10,-60,10
1781,100,30,10,-60,20
1782,100,30,10,-60,30
1783,100,30,10,-50,0
1784,100,30,10,-50,10
1785,100,30,10,-50,20
1786,100,30,10,-50,30
1787,100,30,10,-50,40
1788,100,30,10,-50,50
1789,100,30,10,-40,0
1790,100,30,10,-40,10
1791,100,30,10,-40,20
1792,100,30,10,-40,30
1793,100,30,10,-40,40
1794,100,40,10,-60,20
1795,100,40,10,-60,30
1796,100,40,10,-50,0
1797,100,40,10,-50,10
1798,100,40,10,-50,20
1799,100,40,10,-50,30
1800,100,40,10,-50,40
1801,100,40,10,-50,50
1802,100,40,10,-40,10
1803,100,40,10,-40,20
1804,100,40,10,-40,30
1805,100,40,10,-40,40
1806,100,50,10,-50,10
1807,100,50,10,-50,20
1808,100,50,10,-50,30
1809,100,50,10,-50,40
1810,100,50,10,-50,50
1811,100,50,10,-40,10
1812,100,50,10,-40,20
1813,100,50,10,-40,30
1814,100,50,10,-40,40
1815,100,60,10,-50,20
1816,100,60,10,-50,30
1817,100,60,10,-50,40
1818,110,-20,-20,-50,0
1819,110,-10,-20,-50,0
1820,110,-30,-10,-50,0
1821,110,-20,-10,-60,-10
1822,110,-20,-10,-60,0
1823,110,-20,-10,-60,10
1824,110,-20,-10,-50,-20
1825,110,-20,-10,-50,-10
1826,110,-20,-10,-50,0
1827,110,-20,-10,-50,10
1828,110,-20,-10,-50,20
1829,110,-10,-10,-60,-10
1830,110,-10,-10,-60,0
1831,110,-10,-10,-60,10
1832,110,-10,-10,-60,20
1833,110,-10,-10,-50,-20
1834,110,-10,-10,-50,-10
1835,110,-10,-10,-50,0
1836,110,-10,-10,-50,10
1837,110,-10,-10,-50,20
1838,110,-10,-10,-50,30
1839,110,0,-10,-60,-10
1840,110,0,-10,-60,0
1841,110,0,-10,-60,10
1842,110,0,-10,-60,20
1843,110,0,-10,-50,-20
1844,110,0,-10,-50,-10
1845,110,0,-10,-50,0
1846,110,0,-10,-50,10
1847,110,0,-10,-50,20
1848,110,0,-10,-50,30
1849,110,0,-10,-40,10
1850,110,10,-10,-60,-10
1851,110,10,-10,-60,0
1852,110,10,-10,-60,10
1853,110,10,-10,-60,20
1854,110,10,-10,-50,-10
1855,110,10,-10,-50,0
1856,110,10,-10,-50,10
1857,110,10,-10,-50,20
1858,110,10,-10,-50,30
1859,110,20,-10,-50,0
1860,110,20,-10,-50,10
1861,110,20,-10,-50,20
1862,110,-10,0,-60,0
1863,110,-10,0,-60,10
1864,110,-10,0,-50,-10
1865,110,-10,0,-50,0
1866,110,-10,0,-50,10
1867,110,-10,0,-50,20
1868,110,-10,0,-50,30
1869,110,0,0,-60,-10
1870,110,0,0,-60,0
1871,110,0,0,-60,10
1872,110,0,0,-60,20
1873,110,0,0,-60,30
1874,110,0,0,-50,-20
1875,110,0,0,-50,-10
1876,110,0,0,-50,0
1877,110,0,0,-50,10
1878,110,0,0,-50,20
1879,110,0,0,-50,30
1880,110,0,0,-50,40
1881,110,0,0,-40,0
1882,110,0,0,-40,10
1883,110,0,0,-40,20
1884,110,0,0,-40,30
1885,110,10,0,-60,-10
1886,110,10,0,-60,0
1887,110,10,0,-60,10
1888,110,10,0,-60,20
1889,110,10,0,-60,30
1890,110,10,0,-50,-20
1891,110,10,0,-50,-10
1892,110,10,0,-50,0
1893,110,10,0,-50,10
1894,110,10,0,-50,20
1895,110,10,0,-50,30
1896,110,10,0,-50,40
1897,110,10,0,-40,0
1898,110,10,0,-40,10
1899,110,10,0,-40,20
1900,110,10,0,-40,30
1901,110,10,0,-40,40
1902,110,20,0,-60,-10
1903,110,20,0,-60,0
1904,110,20,0,-60,10
1905,110,20,0,-60,20
1906,110,20,0,-60,30
1907,110,20,0,-50,-10
1908,110,20,0,-50,0
1909,110,20,0,-50,10
1910,110,20,0,-50,20
1911,110,20,0,-50,30
1912,110,20,0,-50,40
1913,110,20,0,-50,50
1914,110,20,0,-40,0
1915,110,20,0,-40,10
1916,110,20,0,-40,20
1917,110,20,0,-40,30
1918,110,20,0,-40,40
1919,110,30,0,-60,0
1920,110,30,0,-60,10
1921,110,30,0,-60,20
1922,110,30,0,-60,30
1923,110,30,0,-50,-10
1924,110,30,0,-50,0
1925,110,30,0,-50,10
1926,110,30,0,-50,20
1927,110,30,0,-50,30
1928,110,30,0,-50,40
1929,110,30,0,-40,0
1930,110,30,0,-40,10
1931,110,30,0,-40,20
1932,110,30,0,-40,30
1933,110,30,0,-40,40
1934,110,40,0,-50,0
1935,110,40,0,-50,10
1936,110,40,0,-50,20
1937,110,40,0,-50,30
1938,110,40,0,-50,40
1939,110,40,0,-40,20
1940,110,40,0,-40,30
1941,110,10,10,-50,0
1942,110,10,10,-50,10
1943,110,10,10,-50,20
1944,110,10,10,-50,30
1945,110,10,10,-40,20
1946,110,20,10,-60,10
1947,110,20,10,-60,20
1948,110,20,10,-50,0
1949,110,20,10,-50,10
1950,110,20,10,-50,20
1951,110,20,10,-50,30
1952,110,20,10,-50,40
1953,110,20,10,-40,0
1954,110,20,10,-40,10
1955,110,20,10,-40,20
1956,110,20,10,-40,30
1957,110,20,10,-40,40
1958,110,30,10,-60,10
1959,110,30,10,-60,20
1960,110,30,10,-60,30
1961,110,30,10,-50,0
1962,110,30,10,-50,10
1963,110,30,10,-50,20
1964,110,30,10,-50,30
1965,110,30,10,-50,40
1966,110,30,10,-50,50
1967,110,30,10,-40,0
1968,110,30,10,-40,10
1969,110,30,10,-40,20
1970,110,30,10,-40,30
1971,110,30,10,-40,40
1972,110,30,10,-40,50
1973,110,40,10,-60,10
1974,110,40,10,-60,20
1975,110,40,10,-60,30
1976,110,40,10,-50,0
1977,110,40,10,-50,10
1978,110,40,10,-50,20
1979,110,40,10,-50,30
1980,110,40,10,-50,40
1981,110,40,10,-50,50
1982,110,40,10,-40,0
1983,110,40,10,-40,10
1984,110,40,10,-40,20
1985,110,40,10,-40,30
1986,110,40,10,-40,40
1987,110,40,10,-40,50
1988,110,50,10,-50,0
1989,110,50,10,-50,10
1990,110,50,10,-50,20
1991,110,50,10,-50,30
1992,110,50,10,-50,40
1993,110,50,10,-50,50
1994,110,50,10,-40,10
1995,110,50,10,-40,20
1996,110,50,10,-40,30
1997,110,50,10,-40,40
1998,110,50,10,-40,50
1999,110,60,10,-50,20
2000,110,60,10,-50,30
2001,110,60,10,-50,40
2002,110,60,10,-40,30
2003,110,60,10,-40,40
2004,110,50,20,-50,30
2005,110,60,20,-50,30
2006,110,60,20,-50,40
2007,120,-20,-10,-50,0
2008,120,-20,-10,-50,10
2009,120,-10,-10,-60,0
2010,120,-10,-10,-60,10
2011,120,-10,-10,-50,-10
2012,120,-10,-10,-50,0
2013,120,-10,-10,-50,10
2014,120,-10,-10,-50,20
2015,120,0,-10,-60,0
2016,120,0,-10,-60,10
2017,120,0,-10,-50,-10
2018,120,0,-10,-50,0
2019,120,0,-10,-50,10
2020,120,0,-10,-50,20
2021,120,0,-10,-50,30
2022,120,10,-10,-50,0
2023,120,10,-10,-50,10
2024,120,10,-10,-50,20
2025,120,20,-10,-50,10
2026,120,-10,0,-50,0
2027,120,-10,0,-50,10
2028,120,-10,0,-50,20
2029,120,0,0,-60,0
2030,120,0,0,-60,10
2031,120,0,0,-60,20
2032,120,0,0,-50,-10
2033,120,0,0,-50,0
2034,120,0,0,-50,10
2035,120,0,0,-50,20
2036,120,0,0,-50,30
2037,120,0,0,-50,40
2038,120,0,0,-40,0
2039,120,0,0,-40,10
2040,120,0,0,-40,20
2041,120,10,0,-60,0
2042,120,10,0,-60,10
2043,120,10,0,-60,20
2044,120,10,0,-60,30
2045,120,10,0,-50,-10
2046,120,10,0,-50,0
2047,120,10,0,-50,10
2048,120,10,0,-50,20
2049,120,10,0,-50,30
2050,120,10,0,-50,40
2051,120,10,0,-40,0
2052,120,10,0,-40,10
2053,120,10,0,-40,20
2054,120,10,0,-40,30
2055,120,20,0,-60,0
2056,120,20,0,-60,10
2057,120,20,0,-60,20
2058,120,20,0,-60,30
2059,120,20,0,-50,-10
2060,120,20,0,-50,0
2061,120,20,0,-50,10
2062,120,20,0,-50,20
2063,120,20,0,-50,30
2064,120,20,0,-50,40
2065,120,20,0,-40,0
2066,120,20,0,-40,10
2067,120,20,0,-40,20
2068,120,20,0,-40,30
2069,120,20,0,-40,40
2070,120,30,0,-60,10
2071,120,30,0,-60,20
2072,120,30,0,-60,30
2073,120,30,0,-50,0
2074,120,30,0,-50,10
2075,120,30,0,-50,20
2076,120,30,0,-50,30
2077,120,30,0,-50,40
2078,120,30,0,-40,10
2079,120,30,0,-40,20
2080,120,30,0,-40,30
2081,120,40,0,-50,10
2082,120,40,0,-50,20
2083,120,40,0,-50,30
2084,120,40,0,-50,40
2085,120,10,10,-50,0
2086,120,10,10,-50,10
2087,120,10,10,-50,20
2088,120,10,10,-50,30
2089,120,10,10,-40,20
2090,120,20,10,-60,20
2091,120,20,10,-50,0
2092,120,20,10,-50,10
2093,120,20,10,-50,20
2094,120,20,10,-50,30
2095,120,20,10,-50,40
2096,120,20,10,-40,10
2097,120,20,10,-40,20
2098,120,20,10,-40,30
2099,120,20,10,-40,40
2100,120,30,10,-60,10
2101,120,30,10,-60,20
2102,120,30,10,-60,30
2103,120,30,10,-50,0
2104,120,30,10,-50,10
2105,120,30,10,-50,20
2106,120,30,10,-50,30
2107,120,30,10,-50,40
2108,120,30,10,-50,50
2109,120,30,10,-40,0
2110,120,30,10,-40,10
2111,120,30,10,-40,20
2112,120,30,10,-40,30
2113,120,30,10,-40,40
2114,120,30,10,-40,50
2115,120,40,10,-60,10
2116,120,40,10,-60,20
2117,120,40,10,-60,30
2118,120,40,10,-50,0
2119,120,40,10,-50,10
2120,120,40,10,-50,20
2121,120,40,10,-50,30
2122,120,40,10,-50,40
2123,120,40,10,-50,50
2124,120,40,10,-40,0
2125,120,40,10,-40,10
2126,120,40,10,-40,20
2127,120,40,10,-40,30
2128,120,40,10,-40,40
2129,120,40,10,-40,50
2130,120,50,10,-50,0
2131,120,50,10,-50,10
2132,120,50,10,-50,20
2133,120,50,10,-50,30
2134,120,50,10,-50,40
2135,120,50,10,-50,50
2136,120,50,10,-40,10
2137,120,50,10,-40,20
2138,120,50,10,-40,30
2139,120,50,10,-40,40
2140,120,50,10,-40,50
2141,120,60,10,-50,10
2142,120,60,10,-50,20
2143,120,60,10,-50,30
2144,120,60,10,-50,40
2145,120,60,10,-50,50
2146,120,60,10,-40,20
2147,120,60,10,-40,30
2148,120,60,10,-40,40
2149,120,50,20,-50,20
2150,120,50,20,-50,30
2151,120,50,20,-50,40
2152,120,50,20,-40,30
2153,120,50,20,-40,40
2154,120,60,20,-50,20
2155,120,60,20,-50,30
2156,120,60,20,-50,40
2157,120,60,20,-50,50
2158,120,60,20,-40,20
2159,120,60,20,-40,30
2160,120,60,20,-40,40
2161,120,60,20,-40,50
2162,120,70,20,-50,30
2163,120,70,20,-50,40
2164,120,70,20,-40,30
2165,120,70,20,-40,40
2166,130,0,-10,-50,0
2167,130,0,-10,-50,10
2168,130,-10,0,-50,10
2169,130,0,0,-50,0
2170,130,0,0,-50,10
2171,130,0,0,-50,20
2172,130,0,0,-50,30
2173,130,10,0,-60,10
2174,130,10,0,-60,20
2175,130,10,0,-50,-10
2176,130,10,0,-50,0
2177,130,10,0,-50,10
2178,130,10,0,-50,20
2179,130,10,0,-50,30
2180,130,10,0,-50,40
2181,130,10,0,-40,10
2182,130,10,0,-40,20
2183,130,10,0,-40,30
2184,130,20,0,-60,10
2185,130,20,0,-60,20
2186,130,20,0,-50,-10
2187,130,20,0,-50,0
2188,130,20,0,-50,10
2189,130,20,0,-50,20
2190,130,20,0,-50,30
2191,130,20,0,-50,40
2192,130,20,0,-40,10
2193,130,20,0,-40,20
2194,130,20,0,-40,30
2195,130,30,0,-50,0
2196,130,30,0,-50,10
2197,130,30,0,-50,20
2198,130,30,0,-50,30
2199,130,30,0,-50,40
2200,130,30,0,-40,10
2201,130,30,0,-40,20
2202,130,30,0,-40,30
2203,130,40,0,-50,10
2204,130,40,0,-50,20
2205,130,40,0,-50,30
2206,130,10,10,-50,10
2207,130,10,10,-50,20
2208,130,10,10,-50,30
2209,130,20,10,-50,0
2210,130,20,10,-50,10
2211,130,20,10,-50,20
2212,130,20,10,-50,30
2213,130,20,10,-50,40
2214,130,20,10,-40,10
2215,130,20,10,-40,20
2216,130,20,10,-40,30
2217,130,20,10,-40,40
2218,130,30,10,-60,20
2219,130,30,10,-60,30
2220,130,30,10,-50,0
2221,130,30,10,-50,10
2222,130,30,10,-50,20
2223,130,30,10,-50,30
2224,130,30,10,-50,40
2225,130,30,10,-50,50
2226,130,30,10,-40,0
2227,130,30,10,-40,10
2228,130,30,10,-40,20
2229,130,30,10,-40,30
2230,130,30,10,-40,40
2231,130,30,10,-40,50
2232,130,40,10,-60,20
2233,130,40,10,-60,30
2234,130,40,10,-50,0
2235,130,40,10,-50,10
2236,130,40,10,-50,20
2237,130,40,10,-50,30
2238,130,40,10,-50,40
2239,130,40,10,-50,50
2240,130,40,10,-40,10
2241,130,40,10,-40,20
2242,130,40,10,-40,30
2243,130,40,10,-40,40
2244,130,40,10,-40,50
2245,130,50,10,-50,10
2246,130,50,10,-50,20
2247,130,50,10,-50,30
2248,130,50,10,-50,40
2249,130,50,10,-50,50
2250,130,50,10,-40,10
2251,130,50,10,-40,20
2252,130,50,10,-40,30
2253,130,50,10,-40,40
2254,130,50,10,-40,50
2255,130,60,10,-50,20
2256,130,60,10,-50,30
2257,130,60,10,-50,40
2258,130,60,10,-50,50
2259,130,60,10,-40,20
2260,130,60,10,-40,30
2261,130,60,10,-40,40
2262,130,40,20,-50,30
2263,130,50,20,-50,20
2264,130,50,20,-50,30
2265,130,50,20,-50,40
2266,130,50,20,-40,20
2267,130,50,20,-40,30
2268,130,50,20,-40,40
2269,130,50,20,-40,50
2270,130,60,20,-50,20
2271,130,60,20,-50,30
2272,130,60,20,-50,40
2273,130,60,20,-50,50
2274,130,60,20,-40,20
2275,130,60,20,-40,30
2276,130,60,20,-40,40
2277,130,60,20,-40,50
2278,130,70,20,-50,20
2279,130,70,20,-50,30
2280,130,70,20,-50,40
2281,130,70,20,-50,50
2282,130,70,20,-40,30
2283,130,70,20,-40,40
2284,130,70,20,-40,50
2285,140,0,0,-50,10
2286,140,0,0,-50,20
2287,140,10,0,-50,0
2288,140,10,0,-50,10
2289,140,10,0,-50,20
2290,140,10,0,-50,30
2291,140,20,0,-50,0
2292,140,20,0,-50,10
2293,140,20,0,-50,20
2294,140,20,0,-50,30
2295,140,20,0,-40,20
2296,140,30,0,-50,10
2297,140,30,0,-50,20
2298,140,30,0,-50,30
2299,140,20,10,-50,10
2300,140,20,10,-50,20
2301,140,20,10,-50,30
2302,140,20,10,-50,40
2303,140,20,10,-40,10
2304,140,20,10,-40,20
2305,140,20,10,-40,30
2306,140,30,10,-50,0
2307,140,30,10,-50,10
2308,140,30,10,-50,20
2309,140,30,10,-50,30
2310,140,30,10,-50,40
2311,140,30,10,-50,50
2312,140,30,10,-40,10
2313,140,30,10,-40,20
2314,140,30,10,-40,30
2315,140,30,10,-40,40
2316,140,40,10,-50,0
2317,140,40,10,-50,10
2318,140,40,10,-50,20
2319,140,40,10,-50,30
2320,140,40,10,-50,40
2321,140,40,10,-50,50
2322,140,40,10,-40,10
2323,140,40,10,-40,20
2324,140,40,10,-40,30
2325,140,40,10,-40,40
2326,140,40,10,-40,50
2327,140,50,10,-50,10
2328,140,50,10,-50,20
2329,140,50,10,-50,30
2330,140,50,10,-50,40
2331,140,50,10,-50,50
2332,140,50,10,-40,10
2333,140,50,10,-40,20
2334,140,50,10,-40,30
2335,140,50,10,-40,40
2336,140,50,10,-40,50
2337,140,60,10,-50,20
2338,140,60,10,-50,30
2339,140,60,10,-50,40
2340,140,60,10,-40,30
2341,140,60,10,-40,40
2342,140,50,20,-50,20
2343,140,50,20,-50,30
2344,140,50,20,-50,40
2345,140,50,20,-50,50
2346,140,50,20,-40,20
2347,140,50,20,-40,30
2348,140,50,20,-40,40
2349,140,50,20,-40,50
2350,140,60,20,-50,20
2351,140,60,20,-50,30
2352,140,60,20,-50,40
2353,140,60,20,-50,50
2354,140,60,20,-40,20
2355,140,60,20,-40,30
2356,140,60,20,-40,40
2357,140,60,20,-40,50
2358,140,70,20,-50,20
2359,140,70,20,-50,30
2360,140,70,20,-50,40
2361,140,70,20,-50,50
2362,140,70,20,-40,20
2363,140,70,20,-40,30
2364,140,70,20,-40,40
2365,140,70,20,-40,50
2366,140,80,20,-50,40
2367,140,80,20,-40,40
2368,150,20,10,-50,20
2369,150,20,10,-50,30
2370,150,30,10,-50,10
2371,150,30,10,-50,20
2372,150,30,10,-50,30
2373,150,30,10,-50,40
2374,150,30,10,-40,20
2375,150,30,10,-40,30
2376,150,30,10,-40,40
2377,150,40,10,-50,10
2378,150,40,10,-50,20
2379,150,40,10,-50,30
2380,150,40,10,-50,40
2381,150,40,10,-40,20
2382,150,40,10,-40,30
2383,150,40,10,-40,40
2384,150,50,10,-50,10
2385,150,50,10,-50,20
2386,150,50,10,-50,30
2387,150,50,10,-50,40
2388,150,50,10,-40,20
2389,150,50,10,-40,30
2390,150,50,10,-40,40
2391,150,60,10,-50,30
2392,150,50,20,-50,20
2393,150,50,20,-50,30
2394,150,50,20,-50,40
2395,150,50,20,-40,20
2396,150,50,20,-40,30
2397,150,50,20,-40,40
2398,150,60,20,-50,20
2399,150,60,20,-50,30
2400,150,60,20,-50,40
2401,150,60,20,-50,50
2402,150,60,20,-40,20
2403,150,60,20,-40,30
2404,150,60,20,-40,40
2405,150,60,20,-40,50
2406,150,70,20,-50,30
2407,150,70,20,-50,40
2408,150,70,20,-50,50
2409,150,70,20,-40,30
2410,150,70,20,-40,40
2411,150,70,20,-40,50
2412,150,80,20,-40,40
2413,160,30,10,-50,20
2414,160,30,10,-50,30
2415,160,40,10,-50,20
2416,160,40,10,-50,30
2417,160,40,10,-40,30
2418,160,50,10,-50,30
2419,160,50,20,-40,30
2420,160,50,20,-40,40
2421,160,60,20,-50,30
2422,160,60,20,-50,40
2423,160,60,20,-40,30
2424,160,60,20,-40,40
2425,160,60,20,-40,50
2426,160,70,20,-50,30
2427,160,70,20,-50,40
2428,160,70,20,-40,30
2429,160,70,20,-40,40
2430,160,70,20,-40,50
